feature,delay_mean,loss_mean,absolute_difference
mem_change,744120.5658259318,11779650.175217543,11035529.609391611
diskio_change,-108418.85784910704,-23513.46118380112,84905.39666530592
trace_duration_change,132282.443683669,72134.75863637059,60147.68504729841
trace_failure_count,5097.733333333334,6330.2444444444445,1232.511111111111
trace_count_change,-2920.4,-4028.488888888889,1108.088888888889
log_count_change,-863.9333333333333,-629.0,234.93333333333328
latency-90_ratio,61.28122651889085,152.2024880261946,90.92126150730375
trace_duration_ratio,29.509695950609682,56.303079549294,26.793383598684315
log_connection_count,15.88888888888889,33.06666666666667,17.17777777777778
log_error_count,4.066666666666666,18.88888888888889,14.822222222222223
latency-50_ratio,50.773040363101515,38.779203570560334,11.993836792541181
workload_change,-4.29640332216058,-11.806716913556397,7.510313591395817
log_timeout_count,0.0,1.9333333333333333,1.9333333333333333
latency-90_change,1.196336437494185,1.9188163102048343,0.7224798727106494
socket_change,4.3532954059005835,3.8994051043646514,0.45389030153593213
socket_ratio,0.3040804318305636,0.6842772551048734,0.38019682327430976
diskio_ratio,-0.26688069625998445,0.09113758930777484,0.3580182855677593
mem_ratio,0.017879973190487577,0.33884214726232464,0.3209621740718371
cpu_change,-0.3617484955658511,-0.6385740359731619,0.2768255404073108
workload_ratio,-0.09756580886851636,-0.34503330223297124,0.2474674933644549
latency-50_change,0.5383607202033848,0.45453975940562485,0.08382096079775991
cpu_ratio,-0.06783272830518763,-0.14731340269168916,0.07948067438650153
error_ratio,0.0,-0.06666666666666667,0.06666666666666667
trace_count_ratio,-0.09365652899630916,-0.1379786298391696,0.044322100842860424
error_change,6.151949452920222e-05,0.015550386226381921,0.01548886673185272
log_count_ratio,-0.029201920819307645,-0.034485598423562594,0.005283677604254949
